date,ensemble,dji,hold
2021-04-06,1000000.0,1000000.0,1000000.0
2021-04-07,1000000.0,1000479.3097005528,1013390.386266654
2021-04-08,1000000.0,1002193.5838635985,1032881.5583539827
2021-04-09,1000000.0,1011078.6910381588,1053799.1357799252
2021-04-12,1000000.0,1009427.3978425923,1039854.4121850146
2021-04-13,1000000.0,1007389.4552566964,1065129.684982268
2021-04-14,1000000.0,1008993.4250907995,1046113.6943215574
2021-04-15,1000000.0,1018119.8229849215,1065684.0838147216
2021-04-16,1000000.0,1023046.0096415799,1062990.199982742
2021-04-19,1000000.0,1019365.4205977676,1068378.0906550952
2021-04-20,1000000.0,1011697.8675625934,1054670.6502525085
2021-04-21,1000000.0,1021150.6213791055,1057760.8671304535
2021-04-22,1000000.0,1011536.2670467804,1045400.4916522505
2021-04-23,1000000.0,1018344.1707726013,1064258.0475012907
2021-04-26,1000000.0,1016492.0161983777,1067427.3587766765
2021-04-27,1000000.0,1016592.5053116091,1064812.5693421382
2021-04-28,1000000.0,1011670.2914803576,1058394.6063771367
2021-04-29,1000000.0,1018848.8364470742,1057602.3093103885
2021-04-30,1000000.0,1013299.7341361869,1041597.5641385756
2021-05-03,1000000.0,1020430.3715024092,1050154.2740527384
2021-05-04,1000000.0,1021022.6730314447,1012994.1762290831
2021-05-05,1000000.0,1023933.4687287811,1014975.1034085441
2021-05-06,1000000.0,1033451.540468894,1027969.156629233
2021-05-07,1000000.0,1040308.5202732696,1033445.5518411804
2021-05-10,1000000.0,1039263.3166478563,1006777.9470304942
2021-05-11,1000000.0,1025094.7022256352,999317.5494292318
2021-05-12,1000000.0,1004708.9665851496,974396.1102777635
2021-05-13,1000000.0,1017684.9154506802,991857.0288195752
2021-05-14,1000000.0,1028473.9407775592,1011540.0940017847
2021-05-17,1000000.0,1026848.4709471369,1002174.7884086485
2021-05-18,1000000.0,1018857.8337281427,990904.5748236383
2021-05-19,1000000.0,1013933.5166363816,989634.697666586
2021-05-20,1000000.0,1019560.4395861204,1010428.8976731916
2021-05-21,1000000.0,1023260.4253657424,995507.8564538783
2021-05-24,1000000.0,1028828.4570212151,1008762.3184449918
2021-05-25,1000000.0,1026389.9601560667,1007174.9566226273
2021-05-26,1000000.0,1026706.7345583581,1006777.9470304942
2021-05-27,1000000.0,1030942.116985453,994317.3197110557
2021-05-28,1000000.0,1032880.7389361778,988999.7898401585
2021-06-01,1000000.0,1034252.5321795937,986380.6951118248
2021-06-02,1000000.0,1035002.4613990352,992571.3385644292
2021-06-03,1000000.0,1034304.2957576885,980507.4748203355
2021-06-04,1000000.0,1039669.2459261889,999158.8686007727
2021-06-07,1000000.0,1035895.6460287345,999238.1475108052
2021-06-08,1000000.0,1034985.7521627652,1005905.0179613782
2021-06-09,1000000.0,1030418.6388142005,1009000.4011918777
2021-06-10,1000000.0,1030989.9077381408,1000904.8497473991
2021-06-11,1000000.0,1031389.6440827512,1010746.3823385038
2021-06-14,1000000.0,1028821.5630006563,1035588.4810757427
2021-06-15,1000000.0,1025997.117832015,1028921.6106251699
2021-06-16,1000000.0,1018050.5322359144,1032969.1403306207
2021-06-17,1000000.0,1011762.133855939,1045985.6425832427
2021-06-18,1000000.0,995807.3838699316,1035429.8002472837
2021-06-21,1000000.0,1013363.0656470838,1050033.8488348615
2021-06-22,1000000.0,1015415.3805131279,1063367.0977024308
2021-06-23,1000000.0,1013281.3890306319,1061144.951062033
2021-06-24,1000000.0,1022930.7977047819,1058843.2179906173
2021-06-25,1000000.0,1030020.7720344873,1056462.144504972
2021-06-28,1000000.0,1025516.7565012076,1069716.6680002827
2021-06-29,1000000.0,1025786.5580854532,1082018.6144912622
2021-06-30,1000000.0,1032074.9564654286,1087018.782705241
2021-07-01,1000000.0,1035994.1487292625,1089479.3196135103
2021-07-02,1000000.0,1040565.4685988463,1110829.1485365108
2021-07-06,1000000.0,1034314.2278212056,1127178.8092455324
2021-07-07,1000237.0736236572,1037437.6865256134,1147417.3803357428
2021-07-08,999960.9536865236,1029664.5030737399,1136861.661008178
2021-07-09,1000499.175202942,1043072.4382783598,1151703.3618132616
2021-07-12,1000244.6665298464,1046842.0653504074,1146861.8744277419
2021-07-13,1000791.6125656128,1043629.6854655702,1155909.879868157
2021-07-14,1002850.7052780152,1044959.0629553777,1183767.7139006804
2021-07-15,1002374.2534439088,1046568.0572451423,1178450.1840297831
2021-07-16,1000713.4925765992,1037619.0343206543,1161862.379069679
2021-07-19,997207.9682998658,1015907.777167962,1130591.677141344
2021-07-20,1000836.6896514894,1032358.4292429864,1159957.5940861993
2021-07-21,1000010.0738891604,1040913.9087565861,1154004.7258594949
2021-07-22,1001649.7688430788,1041672.2510180658,1165116.4431286373
2021-07-23,1003887.8809555057,1048797.5133852083,1179085.1533604078
2021-07-26,1004465.994659424,1051273.0510048852,1182498.0212562196
2021-07-27,1001172.8227386476,1048706.8394876877,1164878.4218859486
2021-07-28,998338.670654297,1044890.2395975947,1150671.6904114895
2021-07-29,999429.0493545532,1049484.9290283953,1155909.879868157
2021-07-30,999804.6154556276,1045026.0167482635,1157655.8610147836
2021-08-02,999154.2352127075,1042115.2210509268,1154957.5488806143
2021-08-03,1002762.95521698,1050438.1734304214,1169560.859417827
2021-08-04,1001900.737538147,1040754.5283490889,1166307.041375657
2021-08-05,1002124.5114593506,1048878.2552192118,1167180.2779657585
2021-08-06,1000522.5711212158,1053193.5615456672,1161615.9932561878
2021-08-09,1000389.8389022828,1050003.032200568,1161218.4301262812
2021-08-10,999167.6249191284,1054873.4824537244,1157323.9843673552
2021-08-11,999819.7329299928,1061463.231325588,1159390.2793723596
2021-08-12,1007871.9389038086,1061908.421466765,1183474.5848974106
2021-08-13,1008436.9885101318,1062372.8914959452,1185144.054822873
2021-08-16,1014198.3034225464,1065663.9099542762,1201200.3405118368
2021-08-17,1011432.5636932373,1057224.9277033412,1193808.1510651328
2021-08-18,999710.8747039796,1045780.5030321421,1163364.6805874854
2021-08-19,1000769.0997940064,1043789.1827208736,1166067.1750070562
2021-08-20,1005602.9200256348,1050548.2440637518,1177910.6692130223
2021-08-23,1010683.9505172728,1056998.4766551522,1189992.676695254
2021-08-24,1010358.5811370848,1057912.3433465282,1189277.2598748524
2021-08-25,1005871.2394302367,1059086.0795586333,1179262.039431202
2021-08-26,1002865.1529434205,1053331.4419568456,1172744.0706417526
2021-08-27,1006822.3522628784,1060590.7287575656,1181169.7766161412
2021-08-30,1024188.8129074096,1058916.7670876188,1217097.3303303705
2021-08-31,1019086.0076919555,1057746.8868531145,1206843.7196188485
2021-09-01,1021819.9690734864,1056305.101773855,1212248.7084579896
2021-09-02,1026526.0222213744,1060232.3565363085,1221310.244821762
2021-09-03,1029266.7407943724,1057996.9411581322,1226476.9664014257
2021-09-07,1039620.2889541624,1049947.6463404845,1245474.382794619
2021-09-08,1032594.25728302,1047885.7499543417,1232915.348759857
2021-09-09,1027862.096307373,1043348.1991007158,1224648.9386558982
2021-09-10,1004212.2934265136,1035222.0184266653,1184110.6613035828
2021-09-13,1006942.648866272,1043056.5469767326,1188721.0159164867
2021-09-14,1000018.8852279664,1034320.1870593157,1177354.4252546567
2021-09-15,1004490.7459884644,1041404.2021509111,1184587.5648477192
2021-09-16,1003269.1439117432,1039517.577473893,1182679.9506711739
2021-09-17,989257.0976654053,1034538.8093044973,1160980.0398584101
2021-09-20,972938.0955627442,1016159.9347334895,1136180.5635297454
2021-09-21,975533.0348220824,1014645.470318846,1140074.8862802773
2021-09-22,988642.4887542723,1024770.4495637546,1159310.93895813
2021-09-23,994039.2651107789,1039921.4034917164,1167100.3225095582
2021-09-24,994530.8087310792,1040913.9087565861,1167815.7393299597
2021-09-27,985651.9760421752,1043048.835021531,1155495.4645882512
2021-09-28,965509.6182083128,1026016.8651112431,1127993.3708316223
2021-09-29,970938.252772522,1028730.8891031359,1135306.0968557026
2021-09-30,962924.8074905396,1012374.5332076206,1124734.2634285036
2021-10-01,969940.82073822,1026808.7426930686,1133875.1402065053
2021-10-04,948483.4812606812,1017130.7063064281,1105975.4833199696
2021-10-05,960707.2543685912,1026456.0960143097,1121634.2058790263
2021-10-06,966309.6494537352,1029516.6905990447,1128708.4186268412
2021-10-07,974563.0737274168,1039625.8953901321,1138962.5213719397
2021-10-08,972010.9020599364,1039365.9090215972,1135862.4638224626
2021-10-11,971402.5264770509,1031881.9238897794,1135146.8009852725
2021-10-12,962770.26742128,1028360.5984056585,1124813.726851127
2021-10-13,958714.8965808258,1028344.707104031,1120044.56840137
2021-10-14,977615.9180178986,1044340.7043655859,1142698.0402856183
2021-10-15,984876.149501358,1055773.5611039826,1151282.7961136482
2021-10-18,996493.870326172,1054692.1346586836,1164874.9776509125
2021-10-19,1011520.6811171876,1060635.8320107134,1182441.5604033028
2021-10-20,1014856.6229979858,1065183.5486234687,1186415.8386100347
2021-10-21,1016320.0390288696,1064996.2415903173,1188164.5259413326
2021-10-22,1010956.3833678588,1067208.0537116649,1181884.9474197545
2021-10-25,1010608.1016051637,1069126.3441441313,1181487.8763234243
2021-10-26,1015197.571308838,1069596.8902592282,1186892.6191457768
2021-10-27,1012046.8534667358,1061634.4133614998,1183156.9772237043
2021-10-28,1037220.1182006224,1068807.2327857183,1212725.8580189142
2021-10-29,1018386.7348086548,1071471.8301556378,1190708.2165240496
2021-11-01,1012687.8981040647,1074292.06880326,1184031.197880959
2021-11-02,1019881.0414135436,1078443.6713533932,1192456.7808469534
2021-11-03,1029871.695875061,1081583.0213594283,1204141.4712160665
2021-11-04,1026269.2190073852,1080585.4916388968,1199928.5567246752
2021-11-05,1029944.9109629516,1086679.3384217436,1204227.2080667922
2021-11-08,1024294.6725367432,1089798.3569095205,1197540.471760563
2021-11-09,1026798.4795802002,1086440.9688973343,1200485.7847501943
2021-11-10,1007395.766111267,1079260.6712135265,1177480.631867059
2021-11-11,1007040.6465723875,1074513.1448523693,1177082.4536951813
2021-11-12,1021248.4947108154,1079869.9156744438,1193958.2213060008
2021-11-15,1021299.6679957276,1079485.2526968182,1194037.807737019
2021-11-16,1027993.641076172,1081123.5757859098,1201998.2959647158
2021-11-17,1044929.1806635744,1074806.900236862,1221819.2535567721
2021-11-18,1074745.709624756,1073009.0798924675,1256684.9988126613
2021-11-19,1092709.5063563231,1064963.407356808,1278018.4676192396
2021-11-22,1095892.5201315307,1065479.9915075016,1281760.0139442317
2021-11-23,1098546.6384176635,1071299.5964894712,1284864.25377911
2021-11-24,1102085.265769043,1071017.7595811987,1289083.5647069975
2021-11-26,1067162.4024105377,1043945.2913898006,1248246.9919988574
2021-11-29,1090147.6796810457,1051022.7630042552,1275551.165249292
2021-11-30,1124552.7860157315,1031512.8016703627,1315829.648873154
2021-12-01,1120947.6660206146,1017702.5594693987,1311610.9529872374
2021-12-02,1114076.746281845,1036181.3389146078,1303571.0013369168
2021-12-03,1101189.4871677705,1034395.2033508213,1288287.4543800307
2021-12-06,1124846.3498157803,1053747.5369943075,1315989.0677519778
2021-12-07,1164714.3237786712,1068476.6703423092,1362635.9419579972
2021-12-08,1190846.214672226,1069533.2082049127,1393681.169499847
2021-12-09,1187292.2565291596,1069531.4554878215,1389541.691019766
2021-12-10,1220551.7448104096,1076001.552206256,1428467.3283247184
2021-12-13,1195666.8226866913,1066428.211453866,1398934.735005784
2021-12-14,1186246.4392035676,1063234.410370196,1387710.7110727788
2021-12-15,1219909.9295859528,1074698.582320623,1427273.2858426624
2021-12-16,1172878.4566764068,1073807.500951433,1371232.9986254429
2021-12-17,1165271.682758255,1057887.8053072507,1362317.71924232
2021-12-20,1155802.4835399932,1044927.046656511,1351252.8681713506
2021-12-21,1177861.7280773467,1061694.4731338266,1377043.9151652928
2021-12-22,1195675.3967511444,1069507.5016875744,1398138.8706956056
2021-12-23,1200018.172253372,1075390.4381804413,1403233.386347901
2021-12-27,1227408.833267334,1085914.4526831238,1435472.410355019
2021-12-28,1220323.8137032622,1088781.0799097607,1427193.5764032507
2021-12-29,1220936.2863595122,1091485.7560771666,1427910.3463159876
2021-12-30,1212905.8906685945,1088777.107084354,1418517.1793215754
2021-12-31,1208618.3717476958,1086988.985107864,1413502.127091904
2022-01-03,1238834.4957100982,1094370.2610181347,1448845.5139422943
2022-01-04,1223114.2239815826,1100789.295245311,1430457.3581253472
2022-01-05,1190583.8704049224,1089047.2592120182,1392407.294569985
2022-01-06,1170709.1053961944,1083942.8796510831,1369163.5054021904
2022-01-07,1171866.177738113,1083799.0400017947,1370516.5977378879
2022-01-10,1172002.2791480254,1078929.524531087,1370676.016616712
2022-01-11,1191672.9296759795,1084408.0507671,1393681.169499847
2022-01-12,1194735.737293167,1085553.743505745,1397263.050929227
2022-01-13,1172002.2791480254,1080268.132997575,1370676.016616712
2022-01-14,1177992.1085089874,1074231.3079440969,1377680.9756386182
2022-01-18,1155734.689762039,1057978.3623569652,1351651.046343228
2022-01-19,1131435.7498664092,1047813.30431457,1323232.6630585433
2022-01-20,1119728.6095008086,1038442.8113535404,1309541.0907388024
2022-01-21,1105435.121631546,1024981.3598537345,1292824.6189984127
2022-01-24,1100057.9589728543,1027946.606628706,1286535.9378556674
2022-01-25,1087534.2101477813,1025949.3270793272,1271889.0823469239
2022-01-26,1086921.5434455108,1022071.3820910405,1271172.558450975
2022-01-27,1083722.6344184112,1021852.7598458591,1267431.5041595597
2022-01-28,1159342.113376541,1038744.2786932348,1355869.8652375387
2022-01-31,1158182.7713805847,1050900.6570468985,1391292.838518947
2022-02-01,1158148.7251266174,1059078.2507556255,1389939.6231748553
2022-02-02,1158374.3971984556,1065781.4588471958,1399730.8453327508
2022-02-03,1157486.111143463,1050281.4805224638,1376327.7602945263
2022-02-04,1157354.340982025,1049640.6871539042,1374016.3095599725
2022-02-07,1156976.4263992002,1049682.2849728698,1368198.0125164732
2022-02-08,1158839.9658263852,1060799.535787036,1393464.059684165
2022-02-09,1159826.206666534,1069931.308680238,1405021.19034854
2022-02-10,1156518.396980255,1054183.0287675792,1371864.2777042426
2022-02-11,1153404.745539825,1039120.8791722408,1344127.4839315673
2022-02-14,1153625.3615096738,1033979.2251611652,1346040.2644606668
2022-02-15,1157861.0767364192,1046622.5083227771,1377204.441119664
2022-02-16,1157559.263961761,1044990.144471796,1375291.5375821705
2022-02-17,1152825.082031219,1026377.1068973974,1346040.2644606668
2022-02-18,1150621.3761764215,1019411.8091767827,1333447.03409233
2022-02-22,1146185.3329452206,1004976.6649088863,1309695.2202566778
2022-02-23,1139445.9664886163,991071.6591371888,1275821.1686744608
2022-02-24,1143917.8539672545,993825.6450787619,1297101.989888341
2022-02-25,1147656.8633269956,1018800.695150968,1313919.5745287256
2022-02-28,1148147.7453689268,1013830.6905670285,1316071.6063844555
2022-03-01,1144334.7890716244,995953.0930841172,1300768.3780845047
2022-03-02,1151294.8985824278,1013793.2992690819,1327548.9046010245
2022-03-03,1150560.684802215,1010900.9655251064,1324918.4931004285
2022-03-04,1143585.745895355,1005520.8251418152,1300529.1267578744
2022-03-07,1134386.5077865291,981667.5140080071,1269683.9108649194
2022-03-08,1129773.399072235,976141.4307149181,1254858.9392014407
2022-03-09,1143921.9137664489,995692.8730199701,1298775.7651075989
2022-03-10,1132079.954489105,992337.237724875,1263466.8206075716
2022-03-11,1121572.1856475524,985460.8611846896,1233259.1572215185
2022-03-14,1109772.5399367977,985492.1763967199,1200500.9147826752
2022-03-15,1123016.1320037534,1003413.1244156879,1236128.451023562
2022-03-16,1136793.1871505429,1018930.8636069446,1271995.2385910791
2022-03-17,1140036.1486999202,1031424.3478811578,1280204.6958085443
2022-03-18,1150982.989431732,1039625.5448467138,1306985.3453334584
2022-03-21,1155673.0602767635,1033584.8638156346,1318143.682783985
2022-03-22,1167560.6397964167,1041196.9141429196,1345562.1308325892
2022-03-23,1172491.5315475157,1027767.1283985623,1356641.0048604922
2022-03-24,1186595.236610382,1038219.9825873399,1387406.6343224293
2022-03-25,1189020.055093353,1042805.5578892658,1392587.255850633
2022-03-28,1192396.1185165097,1045636.897078466,1399601.3174937065
2022-03-29,1205666.781820648,1055756.5013242946,1426381.8440102262
2022-03-30,1200825.319406097,1053800.7027460753,1416897.158770563
2022-03-31,1187685.6271712948,1037334.8604562603,1391710.575025495
2022-04-01,1186392.9819869688,1041520.2320223516,1389319.414851529
2022-04-04,1203951.2934493711,1044619.5032309003,1422237.1991775904
2022-04-05,1189229.5433959654,1036222.9367335733,1395297.2537822467
2022-04-06,1174841.568688934,1031895.4782352849,1369552.949978083
2022-04-07,1176234.4248046568,1034499.6652894596,1372023.4505662783
2022-04-08,1167096.693020599,1038614.2270850645,1355684.368579154
2022-04-11,1147341.4850860287,1026258.8569176414,1321092.9320422292
2022-04-12,1156093.7855822444,1023634.9225842387,1336316.450902768
2022-04-13,1168912.521574676,1033931.9017997015,1358155.238192532
2022-04-14,1144860.0510931695,1030540.9784671696,1317426.5438460652
2022-04-18,1143786.5906241145,1029358.2449739962,1315673.0591873955
2022-04-19,1155196.676381561,1044300.0413290691,1334244.0054780557
2022-04-20,1154363.0364655452,1051766.03189875,1332889.19102484
2022-04-21,1150463.1583988187,1040757.2158486289,1326432.8494408624
2022-04-22,1128007.3824858242,1011401.6583741725,1289530.2081861717
2022-04-25,1133197.0388153226,1018522.8310681023,1298217.9220401088
2022-04-26,1104414.3987109524,994314.7699950258,1249757.9041042551
2022-04-27,1103333.1354678492,996161.9001135877,1247924.9560229615
2022-04-28,1135945.819858459,1014542.2937060746,1304275.4704102387
2022-04-29,1107752.4031857296,986448.5756895102,1256532.46840391
2022-05-02,1109211.3484057612,988969.9176491718,1259003.7070424703
2022-05-03,1116485.0232734066,990982.7379567595,1271118.5577659411
2022-05-04,1147984.285715179,1018869.752204363,1323244.8408895647
2022-05-05,1102496.558183746,987069.5049310358,1249518.8987944133
2022-05-06,1106197.2951268,984120.1494576918,1255425.5158649154
2022-05-09,1079801.0795428462,964566.8375877425,1213759.0055214162
2022-05-10,1092156.7465744014,962025.4562293376,1233315.0030324645
2022-05-11,1050947.0424301145,952254.9348041824,1169378.191952508
2022-05-12,1030477.9339844966,949149.7043575235,1137929.004844255
2022-05-13,1054539.7656560056,963099.930230175,1174247.4792351068
2022-05-16,1046328.0539672236,963900.3961257474,1161715.5070470585
2022-05-17,1065664.029943847,976797.9985372992,1191249.5764667229
2022-05-18,1020812.4263778684,941963.6811312176,1124040.1270602907
2022-05-19,1002479.5378552852,934876.1021815368,1096342.203940168
2022-05-20,1003752.8230214382,935138.4255061934,1098257.8136623334
2022-05-23,1033346.0614768824,953634.848970121,1142319.1744316227
2022-05-24,1018315.0115760646,955082.0090484604,1120368.326494784
2022-05-25,1019190.709491714,960815.1466539288,1121645.5226512884
2022-05-26,1037624.1872794948,976277.499985102,1147667.087375876
2022-05-27,1071350.27806929,993500.5744822386,1194442.0133202102
2022-05-31,1066808.5284217678,986834.7576886149,1188056.6475796592
2022-06-01,1066069.7372528836,981543.4216379469,1187018.8257581792
2022-06-02,1080322.9347809749,994557.1123448423,1206974.1085166524
2022-06-03,1047134.6204131772,984129.9646734027,1160438.6799157367
2022-06-06,1051394.5061658933,984611.027091047,1166504.8388734572
2022-06-07,1066075.8143293452,992518.8192155282,1187018.8257581792
2022-06-08,1061784.368258346,984464.9673334431,1181032.499248265
2022-06-09,1030806.8040295254,965377.1771229289,1138567.54141831
2022-06-10,998446.8651740566,939053.7033685235,1094586.136105221
2022-06-13,967087.3347358244,912848.4211699713,1052680.2514266975
2022-06-14,972389.6513808742,908304.3268392049,1059704.1537413034
2022-06-15,988447.5440218656,917388.8932187493,1081016.3420956929
2022-06-16,955600.8030672756,895209.602178791,1038152.5910518896
2022-06-17,964887.4889577786,894064.2015596612,1050125.7361052947
2022-06-21,991514.3807348172,913252.5393073099,1084528.7237823752
2022-06-22,988236.8955312648,911843.0626464322,1080378.051538426
2022-06-23,1006716.2174306484,917653.0276844002,1103685.6820627868
2022-06-24,1028021.3872467036,942281.0397725394,1130745.0686088544
2022-06-27,1028010.7270870358,940413.8702552342,1130745.0686088544
2022-06-28,1001446.6550551754,925718.5059231906,1097060.4499536352
2022-06-29,1012873.5922606807,928180.9565885862,1111348.2439598418
2022-06-30,996568.9269835812,920586.608703923,1091313.4977787451
2022-07-01,1011117.9748168332,930213.5241754021,1108953.762559234
2022-07-05,1028695.0895797116,926341.5968491287,1129946.7441307928
2022-07-06,1037791.2924300532,928431.3030131193,1140802.4809317002
2022-07-07,1060598.4605978697,938807.2713454943,1168181.1972689922
2022-07-08,1065165.9642335202,937419.294680936,1173688.6521004636
2022-07-11,1050780.3669109491,932504.2669897586,1156367.5941028052
2022-07-12,1057426.8561367183,926745.7149864673,1164269.776351673
2022-07-13,1054947.6252056577,920507.6195870108,1161316.7138332103
2022-07-14,1075142.3468807675,916241.447763013,1185103.216036014
2022-07-15,1086488.0576687313,935926.9145016423,1198672.5180119656
2022-07-18,1065450.157105682,929476.1560951145,1173928.2724522764
2022-07-19,1092431.4771093442,952043.7908185901,1205297.8731295113
2022-07-20,1106630.5442144466,953473.3068782111,1221581.2323140837
2022-07-21,1122798.6214261777,958321.0302330845,1240020.0675894225
2022-07-22,1113929.054068023,954204.6572964853,1229962.6552665767
2022-07-25,1105891.4293553769,956919.2655274083,1220862.8632922224
2022-07-26,1096226.4241689146,950084.1362627702,1210087.2049559096
2022-07-27,1132795.3565495908,963127.7400080229,1251514.2179559905
2022-07-28,1136763.815143234,973060.0956446031,1255984.2199911643
2022-07-29,1172880.4401478115,982497.6008224215,1297171.8586562206
2022-08-01,1165923.6508470457,981099.7505182492,1289189.966967941
2022-08-02,1155544.205411499,969067.8735019673,1277216.6989061418
2022-08-03,1197765.8738407283,981521.5710982092,1326067.1454850414
2022-08-04,1195573.307162872,978958.6313195821,1323512.876180427
2022-08-05,1194013.6003559262,981251.4189705452,1321674.5157297906
2022-08-08,1190792.2529438168,982121.0003434157,1317837.514890935
2022-08-09,1191125.7614190977,980382.1881410928,1318237.4151803306
2022-08-10,1220435.9104360044,996388.7017051951,1352767.9625621492
2022-08-11,1215253.7206120908,997201.144500891,1346773.1484730383
2022-08-12,1240300.6532009274,1009895.6070015673,1375628.457573759
2022-08-15,1247957.1271877438,1014424.1605741247,1384341.0191233153
2022-08-16,1246830.0239606623,1021590.4365212026,1383062.3468660812
2022-08-17,1257279.7506131893,1016454.6249004311,1395211.7629483093
2022-08-18,1254468.351060272,1017014.5595871813,1392014.4057590563
2022-08-19,1236106.8690705867,1008270.9551057876,1370992.3942064769
2022-08-22,1208489.5765869138,989033.0154644565,1339419.3376453104
2022-08-23,1206118.195425964,984425.8233184052,1336701.8362016534
2022-08-24,1208192.9277520597,986209.8556216822,1339099.6388289037
2022-08-25,1225509.305422653,995858.3295133838,1359082.4754676672
2022-08-26,1180455.9730297695,965694.5941881537,1307846.15807575
2022-08-29,1164629.836932205,960178.3261107757,1289941.4252478296
2022-08-30,1147203.2339518582,950961.4880147452,1270198.4549776667
2022-08-31,1135220.095315643,942572.6918965228,1256689.7961400333
2022-09-01,1140398.3210556945,946939.7033771704,1262604.7777813382
2022-09-02,1125283.338312164,936829.6806514405,1245419.3980424323
2022-09-06,1116143.9715229184,931650.5769185154,1235188.0518502523
2022-09-07,1126184.6941651609,944692.0189793553,1246618.3608602544
2022-09-08,1115531.8633145748,950472.4215223843,1234628.7326820327
2022-09-09,1136313.3828556822,961755.3625255765,1257888.6359494615
2022-09-12,1179155.478665725,968624.2608061727,1306327.496441521
2022-09-13,1111252.084448837,930444.1817446102,1229672.8474899493
2022-09-14,1121790.9506643522,931345.1367534142,1241422.732307964
2022-09-15,1100550.8509375302,926162.1186189852,1217922.5936467517
2022-09-16,1088640.0931006162,921992.2293871999,1204574.2147467013
2022-09-19,1115774.229486053,927892.8683226884,1234788.3975776448
2022-09-20,1133245.795185974,918516.6498191605,1254131.9595919887
2022-09-21,1110578.538870361,902888.5478750584,1228713.751040728
2022-09-22,1103651.9546617733,899684.8731517745,1220880.2074757982
2022-09-23,1087104.5546404112,885139.0740115172,1202416.155479658
2022-09-26,1089511.1966842497,875279.7482537387,1205133.7799317094
2022-09-27,1096473.3859056393,871516.0804198014,1213046.7869192627
2022-09-28,1082747.6584321896,887930.8602183582,1197700.0136477815
2022-09-29,1030182.4039654232,874226.7742492207,1138870.1420679297
2022-09-30,999443.8115202632,859267.2754515263,1104659.2935025184
2022-10-03,1029787.590873901,882162.1424559376,1138630.2756993289
2022-10-04,1055852.2020799555,906853.2523593616,1167805.652641639
2022-10-05,1058007.4835326534,905583.4088267534,1170203.3322604953
2022-10-06,1050998.1659057003,895205.6877772871,1162449.8671601599
2022-10-07,1012409.7761351926,876355.9749716673,1119766.4464221871
2022-10-10,1014794.4787719114,873546.8952895261,1122404.2384264322
2022-10-11,1004388.4834105832,874632.9956470686,1110893.8509518357
2022-10-12,999763.8684203489,873785.2648139356,1105778.3008641403
2022-10-13,1033366.0011107784,898549.4045961617,1142946.763258598
2022-10-14,1000053.0041625364,886467.8088383913,1106097.999680547
2022-10-17,1029174.7561156614,902949.6008537367,1138310.699891316
2022-10-18,1038857.9121215208,913059.6235794666,1149021.5328039094
2022-10-19,1039652.9242064815,910068.611863254,1149900.550788536
2022-10-20,1036256.468884216,907369.8365100552,1146143.874431063
2022-10-21,1064294.5178344112,929773.8258811113,1177157.4888156157
2022-10-24,1080047.6339232784,942249.3155931878,1194582.6119147285
2022-10-25,1100931.6861693722,952333.6318015794,1217682.9732949391
2022-10-26,1079325.1281859735,952404.4999959688,1193783.3033695135
2022-10-27,1046445.5012328489,958212.7123168454,1157414.1495202703
2022-10-28,1125500.8846557003,982996.3072587844,1244859.8328574242
2022-10-31,1108157.7443969112,979141.9655273266,1225676.181755481
2022-11-01,1088719.1484496456,976756.4007183335,1204174.4374656999
2022-11-02,1048107.5869262082,961637.1709697235,1159252.755987695
2022-11-03,1003666.0888793332,957254.6187308669,1110094.5424066212
2022-11-04,1001711.8648803098,969278.7837919473,1107932.9158961473
2022-11-07,1005620.3128783568,981955.3101543898,1112256.1689170948
2022-11-08,1009818.675060974,991941.1236622533,1116900.1048216033
2022-11-09,976305.3960082396,972590.7180075672,1079830.1721508626
2022-11-10,1063164.3307006222,1008529.1887572312,1175907.7235310075
2022-11-11,1062101.2485252072,1009501.0119604246,1198565.9927426279
2022-11-14,1061945.351349609,1003184.5701069892,1187196.8189045205
2022-11-15,1062280.2186774898,1004866.3605799438,1201288.0454968687
2022-11-16,1061892.875991027,1003696.9477366637,1191279.9595400789
2022-11-17,1062644.828289001,1003472.366253372,1206732.5200305332
2022-11-18,1062912.9173347163,1009436.1614280485,1211296.2544620526
2022-11-21,1060943.3231208492,1008077.805682332,1185035.0693856524
2022-11-22,1062437.261150329,1019977.8199494494,1202409.020992797
2022-11-23,1063129.4867728876,1022848.1863058811,1209534.8972661567
2022-11-25,1060468.6592200922,1027424.0632399024,1185835.7310232029
2022-11-28,1056590.5002204585,1012540.2233966466,1154690.6206652997
2022-11-29,1053244.1011619258,1012632.0657722278,1130270.8712493894
2022-11-30,1061405.8861838984,1034685.1027577133,1185195.1033064472
2022-12-01,1061752.6634116815,1028859.3048420212,1187436.9312899099
2022-12-02,1061042.7401649165,1029902.2883591191,1183433.8691189457
2022-12-05,1059270.178891723,1015460.9511575002,1173986.209405923
2022-12-06,1053344.1901939083,1004968.6024102664,1144202.186929337
2022-12-07,1050003.8736945796,1005015.9257717301,1128429.4355888993
2022-12-08,1053046.821697204,1010506.721027382,1142120.3928666695
2022-12-09,1052108.07978894,1001382.6600893816,1138197.2861519055
2022-12-12,1056722.13465039,1017194.037817325,1156852.2471757734
2022-12-13,1058751.7082252195,1020293.0753302615,1164698.7066220893
2022-12-14,1053799.2112037349,1016036.7771458778,1146604.1718419886
2022-12-15,1038457.3634437252,993179.24301551,1092880.7477286654
2022-12-16,1033700.3495826412,984751.0107627346,1076947.9624674327
2022-12-19,1028373.5748695064,979877.5224666197,1059814.000237283
2022-12-20,1028179.639035766,982635.4812335997,1059253.8200103042
2022-12-21,1036613.3926505732,998391.9404926841,1084473.9850469767
2022-12-22,1027645.5028510736,987952.523801606,1058693.2707581432
2022-12-23,1026566.7741004634,993230.4223545744,1055730.7365933303
2022-12-27,1021101.117678039,994356.0172705731,1041078.9607488209
2022-12-28,1008803.5972617792,983412.4022962464,1009133.1887533672
2022-12-29,1020137.0509734796,993735.0880290475,1037716.2802778244
2022-12-30,1021173.0523452448,991534.9606883083,1040278.2991112705
2023-01-03,1004748.9068816828,991209.5395483669,1001366.9922842369
2023-01-04,1009105.0012420344,995199.8921261054,1011695.3305952074
2023-01-05,1004700.6004478144,985038.6900613111,1000966.7229696588
2023-01-06,1019307.7150336908,1005993.7082130337,1037796.2357340247
2023-01-09,1020926.627092712,1002614.7033567219,1042039.533298772
2023-01-10,1022641.7587913204,1008192.0828366815,1046683.3461948861
2023-01-11,1030578.2424949337,1016236.0026552494,1068781.4351795274
2023-01-12,1030342.5175697017,1022725.8466529121,1068140.8074627717
2023-01-13,1033949.3588782954,1026095.2699891251,1078949.4320487175
2023-01-17,1036983.0085532832,1014376.603517049,1088396.9687533462
2023-01-18,1035156.9539374994,996013.2697042499,1082552.470921892
2023-01-19,1035286.5672218011,988463.1487141892,1083032.8187010644
2023-01-20,1041212.330857055,998362.261149939,1103849.5292438003
2023-01-23,1048277.9745109248,1005962.2761531973,1129790.4004618227
2023-01-24,1051225.5763450311,1009085.2674663808,1141159.6973083243
2023-01-25,1049880.579569213,1009380.7755679651,1135795.3012392544
2023-01-26,1053829.3077827145,1015530.0082108954,1152608.9496110259
2023-01-27,1057336.7599219964,1016387.5542597394,1168381.5779430696
2023-01-30,1052375.2862449335,1008580.6017919079,1144922.6470938988
2023-01-31,1054410.9861961054,1019616.9939242646,1155250.8008922783
2023-02-01,1056094.958907287,1019824.0482366439,1164378.2697553174
2023-02-02,1063575.0525291131,1018656.8555016797,1207533.3046764778
2023-02-03,1068311.3933585808,1014830.0898524574,1236996.8902862915
2023-02-06,1064994.7487678216,1013783.367205565,1214818.968853844
2023-02-07,1068169.7565437006,1021730.4201928901,1238197.8212384202
2023-02-08,1065443.0170982047,1015518.0897346749,1216340.2136643506
2023-02-09,1064489.3805167838,1008065.7703583055,1207933.450982662
2023-02-10,1064768.830091064,1013132.7586212942,1210900.2904412698
2023-02-13,1066731.2644065544,1024399.8083228589,1233673.44949303
2023-02-14,1066328.0155326533,1019713.6270598954,1228461.3378159232
2023-02-15,1067372.1259330437,1020873.6920786885,1245541.053344251
2023-02-16,1066712.1136359856,1007975.2133085913,1232550.874887978
2023-02-17,1066350.677091186,1011859.117534988,1223249.2261388164
2023-02-21,1065525.819856994,991006.6917570066,1190613.1310353684
2023-02-22,1065553.8241294548,988479.0400158166,1194061.1793319082
2023-02-23,1065539.0121909785,991734.1861976801,1197990.3134579854
2023-02-24,1065539.0121909785,981653.8428146953,1176420.0534926604
2023-02-27,1065539.0121909785,983812.606032081,1186122.709606765
2023-02-28,1065539.0121909785,976861.096352584,1182033.1725347105
2023-03-01,1065539.0121909785,977014.8680653893,1165193.9384169546
2023-03-02,1065539.0121909785,987237.0646849591,1170005.1657375125
2023-03-03,1065539.0121909785,998825.3290054464,1211060.8163956413
2023-03-06,1065539.0121909785,1000035.9891242736,1233513.046547053
2023-03-07,1065539.0121909785,982836.5763078687,1215631.5623056276
2023-03-08,1065539.0121909785,981099.7505182492,1225815.1812408755
2023-03-09,1065539.0121909785,964840.8456930075,1207532.5666261127
2023-03-10,1065539.0121909785,954514.3039826056,1190773.4109729514
2023-03-13,1065539.0121909785,951807.1740112718,1206570.3949670377
2023-03-14,1065539.0121909785,961865.7252784221,1223569.9090223766
2023-03-15,1065539.0121909785,953465.2443795913,1226777.4759083448
2023-03-16,1065539.0121909785,964592.3104094686,1249710.791889294
2023-03-17,1065539.0121909785,953088.6439005855,1242894.896769203
2023-03-20,1065539.0121909785,964533.3606912997,1262139.6830430408
2023-03-21,1065539.0121909785,973986.4650512302,1277214.7307718354
2023-03-22,1065539.0121909785,958117.890322209,1265587.7313395804
2023-03-23,1065539.0121909785,960365.5747200239,1274408.1712508101
2023-03-24,1065539.0121909785,964322.4504013195,1284993.0435677897
2023-03-27,1065539.0121909785,970142.0553832895,1269196.1825820974
2023-03-28,1065539.0121909785,969010.4428052775,1264144.2278341795
2023-03-29,1065539.0121909785,978682.812073323,1289162.7821128329
2023-03-30,1065539.0121909785,982913.4621642714,1301912.479158534
2023-03-31,1065539.0121909785,995330.8785167247,1322279.71702903
2023-04-03,1065539.0121909785,1005112.4420595547,1332463.5819810661
2023-04-04,1065539.0121909785,999166.6414470152,1328133.56349844
2023-04-05,1065539.0121909785,1001569.8502747267,1313138.4712258456
2023-04-06,1065539.0121909785,1001646.7361311294,1320355.3737108798
2023-04-10,1065261.0293052362,1004674.8470257734,1299266.199575092
2023-04-11,1065000.216287963,1007614.3872834065,1289403.2635234045
2023-04-12,1064848.1215071557,1006469.0450881796,1283790.2674897485
2023-04-13,1066295.1932818904,1017931.4643215156,1327572.0301791255
2023-04-14,1066192.6596879573,1013647.239511478,1324765.5936664946
2023-04-17,1066192.8568729549,1016659.8096479129,1324925.9966124718
2023-04-18,1066571.5211290126,1016344.2037236826,1334869.2571455422
2023-04-19,1066994.2646244196,1013962.6117400964,1344170.9058947037
2023-04-20,1066544.410781402,1010660.4927401874,1336312.5146341547
2023-04-21,1065857.1861039116,1011328.7453431768,1323242.1347048932
2023-04-24,1066001.42186441,1013316.0928290385,1325727.888333964
2023-04-25,1065162.0889371638,1003008.9478544464,1313218.6726988344
2023-04-26,1065142.8986332086,996160.1473964965,1313138.4712258456
2023-04-27,1067594.1777047114,1011843.2262333607,1350425.3907038744
2023-04-28,1068275.1571933436,1019979.5726665406,1360609.1326475164
2023-05-01,1068218.8957385705,1018589.7848609879,1359887.442399013
2023-05-02,1067668.3607185057,1007606.6753282051,1351467.6408275438
2023-05-03,1067037.3831032405,999521.3913862834,1342727.4023893028
2023-05-04,1065993.0963928525,990951.3058969232,1329416.2950326812
2023-05-05,1071602.6575866998,1007302.9878801949,1391801.7242455634
2023-05-08,1071530.9368817897,1005637.205556674,1391240.4369430372
2023-05-09,1070024.1678227077,1003935.6678044917,1377368.1652922835
2023-05-10,1071734.169270767,1003023.9043736251,1391721.5227725748
2023-05-11,1071917.7916956935,996388.7017051951,1393245.1047425703
2023-05-12,1070879.9645136867,996122.7560985499,1385697.0636604726
2023-05-15,1070329.7409009854,997557.9977006689,1381682.315692064
2023-05-16,1070320.9998491514,987493.4287715054,1381682.315692064
2023-05-17,1071057.8528748013,999716.7609180545,1386660.7114202776
2023-05-18,1074030.5806930996,1003160.9668501606,1405610.8925901158
2023-05-19,1074155.735102905,999892.0326271792,1406494.3388769322
2023-05-22,1072989.1063797604,995702.688235681,1398785.6488320692
2023-05-23,1069780.9844315182,988790.7899624463,1377587.1202338783
2023-05-24,1070126.211299499,981145.3211626216,1379835.344653837
2023-05-25,1071630.967268005,980090.2438975942,1389069.5848030017
2023-05-26,1074961.3622126463,989922.3441165552,1408662.2388155079
2023-05-30,1077626.98975032,988409.9829624215,1423677.8734899259
2023-05-31,1077547.7915282743,984386.3287599492,1423276.4970998005
2023-06-01,1081607.527171188,988972.0209096812,1446080.9002836759
2023-06-02,1082814.2936380918,1009946.7863406318,1452986.4685231054
2023-06-05,1080730.2752481992,1003967.0998643279,1441985.70482549
2023-06-06,1080117.5553965147,1004278.8498109578,1439014.806089875
2023-06-07,1077765.710728317,1007023.0205368198,1427853.3934294945
2023-06-08,1082205.544980148,1012066.0549995613,1449935.2453061074
2023-06-09,1082857.623169235,1013357.456952392,1453066.9160128823
2023-06-12,1087984.0510180509,1019027.379894769,1475791.117723769
2023-06-13,1087136.268386032,1023388.4905612094,1471936.7727013375
2023-06-14,1088291.6413733975,1016424.9455576859,1477075.8173923169
2023-06-15,1091912.6947950283,1029249.5765143388,1493617.2481878249
2023-06-16,1089945.420289413,1025990.9248982928,1484864.7089101684
2023-06-20,1090097.8651334683,1018654.7522411702,1485587.3832258251
2023-06-21,1087981.456469528,1015593.1060261802,1477156.2648820938
2023-06-22,1094075.5990008544,1015449.2663768919,1501566.5426516538
2023-06-23,1093435.2984445188,1008889.8979346099,1498997.0203061642
2023-06-26,1090639.2148733824,1008509.4414780032,1487675.2046998064
2023-06-27,1096426.1381613463,1014851.8235443889,1510078.108485162
2023-06-28,1098793.8596979063,1012635.9217498286,1519633.646559858
2023-06-29,1099455.6057539366,1020705.3143901228,1522363.694859719
2023-06-30,1108372.426095718,1029235.9053210272,1557534.1319079285
2023-07-03,1105123.891067642,1029560.9759175504,1545409.3175045312
2023-07-05,1102575.542883438,1025677.4222345717,1536335.6033097378
2023-07-06,1103675.7547791898,1014717.9159586177,1540189.825323775
2023-07-07,1101045.3103669584,1009112.7267008105,1531116.1111289815
2023-07-10,1096001.6038560332,1015380.0924756906,1514494.6018688788
2023-07-11,1094643.51362471,1024863.2267217846,1510238.7574479277
2023-07-12,1098809.412954666,1027435.9817161227,1523809.1664994264
2023-07-13,1100770.0150405425,1028863.1608196219,1529992.0604231993
2023-07-14,1101151.6560012358,1032269.9754537814,1531196.5586187583
2023-07-17,1110273.8585723415,1034552.9478890334,1557694.6578622998
2023-07-18,1109508.437062027,1045518.4134030977,1555606.9593967127
2023-07-19,1113557.0389922636,1048787.347626079,1566607.846102722
2023-07-20,1107884.364187576,1053692.1511342241,1550789.2126312645
2023-07-21,1104331.6487304228,1053767.2842735355,1541233.7975649629
2023-07-24,1106798.3541442412,1059257.7289857692,1547737.7433974785
2023-07-25,1109495.2141289825,1060060.3565657542,1554723.6361182905
2023-07-26,1112123.9590676422,1062514.74473253,1561789.9763288796
2023-07-27,1108125.472492325,1055413.3193178286,1551511.7639385269
2023-07-28,1116479.9614800566,1060695.0738483977,1572469.565109358
2023-07-31,1118511.351383316,1063693.622248103,1577447.9608375716
2023-08-01,1115629.4836541289,1065821.8881881007,1570702.9185525135
2023-08-02,1104983.3340539092,1055407.3600797183,1546372.842255942
2023-08-03,1099878.5850472562,1053414.2870513585,1535050.7806327958
2023-08-04,1065835.1839150542,1048919.2687991469,1461337.6314106362
2023-08-07,1053866.2866326445,1061109.0656253502,1436123.9858188543
2023-08-08,1057558.75173732,1056363.6425247025,1443752.2283739403
2023-08-09,1051092.5539330596,1050646.3962208615,1430824.4151735036
2023-08-10,1050171.7013543244,1052225.4774722687,1429057.8916250535
2023-08-11,1050406.515572464,1055373.8247593725,1429540.3305469267
2023-08-14,1057586.3174447173,1056158.4577772205,1442968.1728696006
2023-08-15,1048705.1008172147,1045352.7232140718,1426806.468986847
2023-08-16,1044719.2474221344,1039948.8627261458,1419730.7801383021
2023-08-17,1032900.276763626,1031246.8560637176,1399066.4769959233
2023-08-18,1035084.6910580596,1032019.5706053452,1403006.3128522923
2023-08-21,1041267.8337155302,1030913.7229685745,1413861.065586046
2023-08-22,1047773.3710980376,1025683.0309292637,1425037.4852705137
2023-08-23,1066398.750841995,1031191.5870514403,1456315.5677024976
2023-08-24,1043191.2084897002,1020017.3145079054,1418203.0158829053
2023-08-25,1054305.8768094024,1027420.0904144954,1436133.5804735983
2023-08-28,1062333.0952282865,1033794.0213885235,1448837.7644134625
2023-08-29,1082399.7743742522,1042549.3106505257,1480437.390787766
2023-08-30,1100760.372436386,1043673.0360016271,1508820.7166801167
2023-08-31,1101908.9777861177,1038637.8303418932,1510589.70039645
2023-09-01,1110485.7725584563,1042101.7835532273,1523374.331826091
2023-09-05,1111788.252552658,1036246.5399904022,1525303.9645051898
2023-09-06,1073708.2726957854,1030300.5056822503,1470708.2878689184
2023-09-07,1043945.8668259734,1032021.6738658547,1427691.0223492105
2023-09-08,1047438.1551392667,1034290.8582599891,1432676.0605307086
2023-09-11,1054218.482138168,1036897.148574673,1442164.066997014
2023-09-12,1036266.670445358,1036366.7763828617,1417559.8049898723
2023-09-13,1023979.1643792724,1034259.1925045403,1400754.8902140856
2023-09-14,1032834.3849378204,1044177.7016761,1413057.2057302478
2023-09-15,1028530.2855908964,1035536.6895684473,1407187.2451612034
2023-09-18,1045862.9748709868,1035718.0373634882,1430987.6473125464
2023-09-19,1052322.9288079375,1032530.1955179285,1439832.3198774245
2023-09-20,1031287.7009636991,1030231.3317810491,1411046.8795445836
2023-09-21,1022121.4861809844,1019149.8363955442,1398503.5905842732
2023-09-22,1027103.5583123472,1015961.6440065664,1405418.3844532643
2023-09-25,1034650.149295166,1017249.0731339903,1415790.821273539
2023-09-26,1010438.6640887144,1005642.8142513661,1382663.553652233
2023-09-27,1001584.1758532408,1003590.4993853222,1370361.238136071
2023-09-28,1003094.9393587952,1007062.515095276,1372452.011811512
2023-09-29,1006150.374249542,1002311.132756518,1376633.0671288173
2023-10-02,1021074.64242276,1000093.1277014482,1397056.2738186535
2023-10-03,1013209.214229324,987201.4261041037,1386201.3980765054
2023-10-04,1020604.068732498,,
